-- =====================================================
-- SQL INSERT Scripts for Configuration Tables
-- Generated from Development Database
-- Import Order: 1) Domains, 2) Functionalities, 3) Settings Master
-- =====================================================

-- =====================================================
-- 1. Company Setting Master Domains
-- =====================================================

INSERT INTO company_setting_master_domains (id, code, name, created_date) VALUES
('4594a3d9-8384-4399-8edc-88def3891ae4', 'quote_management', 'Quote Management', '2025-11-04 22:05:07.050795'),
('da132496-a381-4980-a3a7-9d038763ce37', 'opportunity_management', 'Opportunity Management', '2025-11-04 22:05:07.050795'),
('7f3c729c-a357-418e-aea5-8561129822d7', 'account_management', 'Account Management', '2025-11-04 22:05:07.050795'),
('7899a5b1-947a-426d-8c36-7562a2beea0e', 'platform_core', 'Platform - Core', '2025-11-04 22:05:07.050795'),
('ca46561d-fd7d-4679-89c5-a4ba1db76d27', 'platform_business_objects', 'Platform - Business Objects', '2025-11-04 22:05:07.050795');


-- =====================================================
-- 2. Company Setting Master Functionalities
-- =====================================================

INSERT INTO company_setting_master_functionalities (id, code, name, domain_id, created_date) VALUES
('33f99f1e-3caa-4f52-8610-baaf3c69e90f', 'smart_account_management_settings', 'Account management (smart) - settings', '7f3c729c-a357-418e-aea5-8561129822d7', '2025-11-04 22:05:08.580753'),
('b3290dc6-b604-4b5b-b9ad-f88b72e88145', 'simple_account_management_settings', 'Account Management (simple) - settings', '7f3c729c-a357-418e-aea5-8561129822d7', '2025-11-04 22:05:08.580753'),
('6483aad6-8903-4329-b6ff-b81c3f2a7e03', 'opportunity_management_settings', 'Opportunity management - settings', 'da132496-a381-4980-a3a7-9d038763ce37', '2025-11-04 22:05:08.580753'),
('9000b0b2-07eb-4a6b-b334-d0fb4a70c18b', 'quote_settings_general', 'General Quote Settings', '4594a3d9-8384-4399-8edc-88def3891ae4', '2025-11-04 22:05:08.580753'),
('4877b34b-9ce9-4787-b5d1-9b782c6a31a9', 'ChatGPT_integration_core', 'ChatGPT integration (core)', '7899a5b1-947a-426d-8c36-7562a2beea0e', '2025-11-04 22:05:08.580753'),
('97684c36-9abf-4e97-9f1d-422118f4686b', 'discount_settings', 'Quote Line Discount Settings', '4594a3d9-8384-4399-8edc-88def3891ae4', '2025-11-04 22:05:08.580753'),
('af7dfa7c-46a5-4abf-8be9-74f2246b6eba', 'platform_currency_settings_basics', 'Currency Settings', 'ca46561d-fd7d-4679-89c5-a4ba1db76d27', '2025-11-04 22:05:08.580753'),
('f4fca282-94ad-44d9-9602-c3607e3afcb6', 'platform_business_objects_google_maps_integration', 'Google Maps Integration for Address management', 'ca46561d-fd7d-4679-89c5-a4ba1db76d27', '2025-11-04 22:05:08.580753'),
('797024de-764d-4202-8a6b-4cd329d51ffb', 'account_management_ai_services', 'Account Management AI Services', '7f3c729c-a357-418e-aea5-8561129822d7', '2025-11-05 20:40:44.006104');


-- =====================================================
-- 3. Company Settings Master (Customer Setting Master)
-- =====================================================

INSERT INTO company_settings_master (
  id,
  functionality_id,
  setting_functional_domain_code,
  setting_functional_domain_name,
  setting_functionality_name,
  setting_functionality_code,
  setting_code,
  setting_name,
  setting_description,
  setting_values,
  default_value,
  special_value_set,
  cant_be_true_if_the_following_is_false,
  article_code,
  setting_order_within_functionality,
  setting_shows_in_level,
  setting_once_enabled_cannot_be_disabled,
  created_date
) VALUES
(
  'c46848ce-d87a-47ef-9803-c0c9b6a7d394',
  '9000b0b2-07eb-4a6b-b334-d0fb4a70c18b',
  'quote_management',
  'Quote Management',
  'General Quote Settings',
  'quote_settings_general',
  'general_quote_setting_quote_management_activated',
  'Quote management feature is activated',
  NULL,
  'TRUE, FALSE',
  'FALSE',
  NULL,
  NULL,
  NULL,
  1,
  NULL,
  NULL,
  '2025-11-04 22:05:09.880816'
),
(
  '5f7a08cb-0fa5-488c-bdc9-800c181b6b4f',
  '33f99f1e-3caa-4f52-8610-baaf3c69e90f',
  'account_management',
  'Account Management',
  'Account management (smart) - settings',
  'smart_account_management_settings',
  'smart_account_management_accountType_companyContact_enabled',
  'Company Contact account creation is enabled',
  'I want to create contact persons under companies, like sales contacts, marketing contacts, people from logistics, finance, reception or C-suits. ',
  'TRUE, FALSE',
  'FALSE',
  NULL,
  'smart_account_management_accountType_LegalEntity_enabled',
  NULL,
  6,
  2,
  NULL,
  '2025-11-04 22:05:09.880816'
),
(
  'bd0f18c3-44bc-4065-b5cf-f3fdfb8b7916',
  'b3290dc6-b604-4b5b-b9ad-f88b72e88145',
  'account_management',
  'Account Management',
  'Account Management (simple) - settings',
  'simple_account_management_settings',
  'simplified_account_management_activated',
  'Simplified account management is enabled',
  NULL,
  'TRUE, FALSE',
  'TRUE',
  NULL,
  NULL,
  NULL,
  NULL,
  NULL,
  NULL,
  '2025-11-04 22:05:09.880816'
),
(
  '329478e0-112c-42e7-84c9-1204035d419f',
  '33f99f1e-3caa-4f52-8610-baaf3c69e90f',
  'account_management',
  'Account Management',
  'Account management (smart) - settings',
  'smart_account_management_settings',
  'smart_account_management_accountType_SelfEmployed_enabled',
  'Self Employed person account creation is enabled',
  'I have clients who are self-employed people, so I need to be able to capture their email, phone, name, as well as the data of their individual entrepreneurship (registration id, etc.)',
  'TRUE, FALSE',
  'TRUE',
  NULL,
  NULL,
  NULL,
  3,
  NULL,
  NULL,
  '2025-11-04 22:05:09.880816'
),
(
  'd660cf4f-9df4-40d3-b497-c36d4ab326ea',
  '97684c36-9abf-4e97-9f1d-422118f4686b',
  'quote_management',
  'Quote Management',
  'Quote Line Discount Settings',
  'discount_settings',
  'discount_setting_show_unit_price_discount',
  'Show Unit Price discount fields on Quote Lines',
  'Turn this on to apply discounts to the Unit Price of your products or services before multiplying by the Quantity.',
  'TRUE, FALSE',
  'TRUE',
  NULL,
  'general_quote_setting_quote_management_activated',
  NULL,
  1,
  NULL,
  NULL,
  '2025-11-04 22:05:09.880816'
),
(
  'a990eed6-4e56-495d-b061-ddd33725779f',
  '33f99f1e-3caa-4f52-8610-baaf3c69e90f',
  'account_management',
  'Account Management',
  'Account management (smart) - settings',
  'smart_account_management_settings',
  'smart_account_management_accountType_LegalEntity_enabled',
  'Legal Entity account creation is enabled',
  'I have company clients and I need to log their company Registration ID and other company data.',
  'TRUE, FALSE',
  'FALSE',
  NULL,
  NULL,
  NULL,
  4,
  NULL,
  NULL,
  '2025-11-04 22:05:09.880816'
),
(
  '78cafdc1-0505-4f74-8df7-5cc3e46e4812',
  '9000b0b2-07eb-4a6b-b334-d0fb4a70c18b',
  'quote_management',
  'Quote Management',
  'General Quote Settings',
  'quote_settings_general',
  'general_quote_setting_allow_quote_creation_without_customerKey',
  'Allow to create a Quote without a linked Customer record',
  'If you enable this option, you can create a Quote without selecting an existing Customer record from the database. Instead, you can manually enter the customer details directly on the Quote form. This approach won''t add the customer to your database, but it allows you to generate Quotes more quickly. It''s a trade-off—choose the option that best fits your workflow.',
  'TRUE, FALSE',
  'FALSE',
  NULL,
  'general_quote_setting_quote_management_activated',
  NULL,
  2,
  2,
  NULL,
  '2025-11-04 22:05:09.880816'
),
(
  '977a2301-5e83-401c-a913-44adfb1809f7',
  'af7dfa7c-46a5-4abf-8be9-74f2246b6eba',
  'platform_business_objects',
  'Platform - Business Objects',
  'Currency Settings',
  'platform_currency_settings_basics',
  'currency_setting_default_company_currency',
  'Default Currency of the Company',
  'You can create Quotes in this Currency. ',
  NULL,
  'HUF',
  'Currency list',
  NULL,
  NULL,
  1,
  NULL,
  TRUE,
  '2025-11-04 22:05:09.880816'
),
(
  'd6941abc-cd23-43b2-8b93-ca8470595cdb',
  '33f99f1e-3caa-4f52-8610-baaf3c69e90f',
  'account_management',
  'Account Management',
  'Account management (smart) - settings',
  'smart_account_management_settings',
  'smart_account_management_accountType_shipping_enabled',
  'Shipping Address account creation is enabled',
  'It is important for me to record the locations of my clients, such as subsidiaries, offices, plants, warehouses, and similar facilities. These locations can be used as shipping addresses on Quotes (offers) and Deliveries.',
  'TRUE, FALSE',
  'FALSE',
  NULL,
  'smart_account_management_accountType_LegalEntity_enabled',
  NULL,
  5,
  2,
  NULL,
  '2025-11-04 22:05:09.880816'
),
(
  '4689cfcc-f397-46dc-9c02-6eda779cb4f9',
  '6483aad6-8903-4329-b6ff-b81c3f2a7e03',
  'opportunity_management',
  'Opportunity Management',
  'Opportunity management - settings',
  'opportunity_management_settings',
  'opportunity_management_activated',
  'Opportunity Management Activated',
  'We are all excited to make this available as soon as possible!',
  'FALSE',
  'FALSE',
  NULL,
  NULL,
  NULL,
  NULL,
  NULL,
  NULL,
  '2025-11-04 22:05:09.880816'
),
(
  '9df48ee3-3d43-4a85-ac5c-4f7023eda051',
  '33f99f1e-3caa-4f52-8610-baaf3c69e90f',
  'account_management',
  'Account Management',
  'Account management (smart) - settings',
  'smart_account_management_settings',
  'smart_account_management_activated',
  'Smart account management is enabled',
  NULL,
  'TRUE, FALSE',
  'FALSE',
  NULL,
  NULL,
  'smart_account_management_intro',
  1,
  NULL,
  TRUE,
  '2025-11-04 22:05:09.880816'
),
(
  '3836aad8-d544-4923-b186-b13b815a8ef8',
  '33f99f1e-3caa-4f52-8610-baaf3c69e90f',
  'account_management',
  'Account Management',
  'Account management (smart) - settings',
  'smart_account_management_settings',
  'smart_account_management_accountType_PrivatePerson_enabled',
  'Private Person account creation is enabled',
  'I have clients who are private consumers, not representing a company. I need to be able to capture their name and contact info like email, phone. ',
  'TRUE, FALSE',
  'TRUE',
  NULL,
  NULL,
  NULL,
  2,
  NULL,
  NULL,
  '2025-11-04 22:05:09.880816'
),
(
  '65b996a7-ec38-459e-bf27-991477a26b94',
  '97684c36-9abf-4e97-9f1d-422118f4686b',
  'quote_management',
  'Quote Management',
  'Quote Line Discount Settings',
  'discount_settings',
  'discount_setting_show_row_discount',
  'Show row discount fields on Quote Lines',
  'Turn this on to apply discounts to the Row Subtotal, which is calculated as Unit Price × Quantity.
Example: Unit Price = 100, Quantity = 7 → Row Subtotal = 700 → 10% Discount → Discounted Row Total = 630',
  'TRUE, FALSE',
  'TRUE',
  NULL,
  'general_quote_setting_quote_management_activated',
  NULL,
  2,
  NULL,
  NULL,
  '2025-11-04 22:05:09.880816'
),
(
  '1c357c4f-2e24-49e2-8584-5cd935290276',
  '9000b0b2-07eb-4a6b-b334-d0fb4a70c18b',
  'quote_management',
  'Quote Management',
  'General Quote Settings',
  'quote_settings_general',
  'general_quote_setting_allow_quote_creation_without_productKey',
  'Allow to create a Quote Line without a linked Product record',
  NULL,
  'TRUE, FALSE',
  'FALSE',
  NULL,
  'general_quote_setting_quote_management_activated',
  NULL,
  3,
  2,
  NULL,
  '2025-11-04 22:05:09.880816'
),
(
  '7983c2d2-82bb-4c1d-9ba9-e40a22c83eaf',
  'f4fca282-94ad-44d9-9602-c3607e3afcb6',
  'platform_business_objects',
  'Platform - Business Objects',
  'Google Maps Integration for Address management',
  'platform_business_objects_google_maps_integration',
  'google_maps_api_key',
  'Google Maps API Key',
  'Enter your Google Maps API key to enable address autocomplete and mapping features. Get your key from Google Cloud Console.',
  'AIzaSyDAgV4zMOVFcQWWR6U1fDOqGEcLxsBcInQ',
  NULL,
  NULL,
  NULL,
  NULL,
  10,
  2,
  NULL,
  '2025-11-04 22:05:09.880816'
),
(
  'bb40fb1d-c768-4a08-95b2-ab3a45b2cd96',
  '797024de-764d-4202-8a6b-4cd329d51ffb',
  'account_management',
  'Account Management',
  'Account Management AI Services',
  'account_management_ai_services',
  'account_data_web_search',
  'Enable Account Data enrichment from web search',
  'If you enable this feature, a new Card will appear on your Account Detail View layout.
This bot can search the web for your account''s address and registration ID.
If it finds relevant data, you can use it to update your account information.

This feature uses OpenAI and Tavaly, a specialized search engine designed to retrieve real-time, structured information from the web.

To use it, you need to configure your API keys under Setup → My Company → External Systems Connection.',
  'TRUE, FALSE',
  'FALSE',
  NULL,
  NULL,
  NULL,
  1,
  NULL,
  NULL,
  '2025-11-05 20:49:48.99453'
);

-- =====================================================
-- End of SQL INSERT Scripts
-- =====================================================
